x-coordinate,y-coordinate,Similarity_score
MeteoriteFALSESci-fiFalseisRuralTrue,MeteoriteFALSESci-fiFalseisRuralFalse,0.9928288695832382
MeteoriteFALSESci-fiFalseisRuralTrue,MeteoriteFALSESci-fiFalseisRuralTrue,0.9886578671676957
MeteoriteFALSESci-fiFalseisRuralTrue,MeteoriteFALSESci-fiFalseisRuralTrue,0.9950293976100557
MeteoriteFALSESci-fiFalseisRuralTrue,MeteoriteFALSESci-fiFalseisRuralTrue,0.9979086432567131
MeteoriteFALSESci-fiFalseisRuralTrue,MeteoriteSci-fiFalseisRural,0.9348971207404826
MeteoriteFALSESci-fiFalseisRuralTrue,MeteoriteFALSESci-fiFalseisRuralTrue,0.9946129257308937
MeteoriteFALSESci-fiFalseisRuralTrue,MeteoriteTRUESci-fiFalseisRuralTrue,0.9922532810462351
MeteoriteFALSESci-fiFalseisRuralTrue,MeteoriteFALSESci-fiFalseisRuralTrue,0.9761657919622705
MeteoriteFALSESci-fiFalseisRuralTrue,MeteoriteFALSESci-fiFalseisRuralTrue,0.992435200581522
MeteoriteFALSESci-fiFalseisRuralTrue,MeteoriteFALSESci-fiFalseisRuralTrue,0.9903797111769118
MeteoriteFALSESci-fiFalseisRuralTrue,MeteoriteFALSESci-fiFalseisRuralTrue,0.9926993426675929
MeteoriteFALSESci-fiFalseisRuralTrue,MeteoriteFALSESci-fiFalseisRuralFalse,0.9871920438422803
MeteoriteFALSESci-fiFalseisRuralTrue,MeteoriteFALSESci-fiFalseisRural,0.992269171383104
MeteoriteFALSESci-fiFalseisRuralTrue,MeteoriteFALSESci-fiFalseisRuralTrue,0.9968384592172284
MeteoriteFALSESci-fiFalseisRuralTrue,MeteoriteFALSESci-fiFalseisRuralTrue,0.907771605998906
MeteoriteFALSESci-fiFalseisRuralTrue,MeteoriteFALSESci-fiFalseisRuralTrue,0.9940813630676844
MeteoriteFALSESci-fiFalseisRuralTrue,MeteoriteFALSESci-fiFalseisRuralTrue,0.9882632500128249
MeteoriteFALSESci-fiFalseisRuralTrue,MeteoriteFALSESci-fiFalseisRural,0.9873941048113138
MeteoriteFALSESci-fiFalseisRuralTrue,MeteoriteFALSESci-fiFalseisRural,0.9841573963027828
MeteoriteFALSESci-fiFalseisRuralFalse,MeteoriteFALSESci-fiFalseisRuralTrue,0.9946522960535921
MeteoriteFALSESci-fiFalseisRuralFalse,MeteoriteFALSESci-fiFalseisRuralTrue,0.9991087845881769
MeteoriteFALSESci-fiFalseisRuralFalse,MeteoriteFALSESci-fiFalseisRuralTrue,0.9971149069404054
MeteoriteFALSESci-fiFalseisRuralFalse,MeteoriteSci-fiFalseisRural,0.958152329124047
MeteoriteFALSESci-fiFalseisRuralFalse,MeteoriteFALSESci-fiFalseisRuralTrue,0.9986264984010408
MeteoriteFALSESci-fiFalseisRuralFalse,MeteoriteTRUESci-fiFalseisRuralTrue,0.9916667013169623
MeteoriteFALSESci-fiFalseisRuralFalse,MeteoriteFALSESci-fiFalseisRuralTrue,0.991884577316177
MeteoriteFALSESci-fiFalseisRuralFalse,MeteoriteFALSESci-fiFalseisRuralTrue,0.9990087212767366
MeteoriteFALSESci-fiFalseisRuralFalse,MeteoriteFALSESci-fiFalseisRuralTrue,0.993247469234756
MeteoriteFALSESci-fiFalseisRuralFalse,MeteoriteFALSESci-fiFalseisRuralTrue,0.9994330900937992
MeteoriteFALSESci-fiFalseisRuralFalse,MeteoriteFALSESci-fiFalseisRuralFalse,0.9969929153218886
MeteoriteFALSESci-fiFalseisRuralFalse,MeteoriteFALSESci-fiFalseisRural,0.9912832138038878
MeteoriteFALSESci-fiFalseisRuralFalse,MeteoriteFALSESci-fiFalseisRuralTrue,0.9960008002608627
MeteoriteFALSESci-fiFalseisRuralFalse,MeteoriteFALSESci-fiFalseisRuralTrue,0.8972221909653555
MeteoriteFALSESci-fiFalseisRuralFalse,MeteoriteFALSESci-fiFalseisRuralTrue,0.9975810978342297
MeteoriteFALSESci-fiFalseisRuralFalse,MeteoriteFALSESci-fiFalseisRuralTrue,0.9985231288874309
MeteoriteFALSESci-fiFalseisRuralFalse,MeteoriteFALSESci-fiFalseisRural,0.9943434500604696
MeteoriteFALSESci-fiFalseisRuralFalse,MeteoriteFALSESci-fiFalseisRural,0.9869070741971818
MeteoriteFALSESci-fiFalseisRuralFalse,MeteoriteFALSESci-fiFalseisRuralTrue,0.9944614569940263
MeteoriteFALSESci-fiFalseisRuralTrue,MeteoriteFALSESci-fiFalseisRuralTrue,0.9957516804782773
MeteoriteFALSESci-fiFalseisRuralTrue,MeteoriteFALSESci-fiFalseisRuralTrue,0.9928307280948907
MeteoriteFALSESci-fiFalseisRuralTrue,MeteoriteSci-fiFalseisRural,0.9702436238579404
MeteoriteFALSESci-fiFalseisRuralTrue,MeteoriteFALSESci-fiFalseisRuralTrue,0.9952468336385424
MeteoriteFALSESci-fiFalseisRuralTrue,MeteoriteTRUESci-fiFalseisRuralTrue,0.9799415893409811
MeteoriteFALSESci-fiFalseisRuralTrue,MeteoriteFALSESci-fiFalseisRuralTrue,0.9897037820963881
MeteoriteFALSESci-fiFalseisRuralTrue,MeteoriteFALSESci-fiFalseisRuralTrue,0.995481625340207
MeteoriteFALSESci-fiFalseisRuralTrue,MeteoriteFALSESci-fiFalseisRuralTrue,0.9849778425881979
MeteoriteFALSESci-fiFalseisRuralTrue,MeteoriteFALSESci-fiFalseisRuralTrue,0.992597854999008
MeteoriteFALSESci-fiFalseisRuralTrue,MeteoriteFALSESci-fiFalseisRuralFalse,0.9980978828831228
MeteoriteFALSESci-fiFalseisRuralTrue,MeteoriteFALSESci-fiFalseisRural,0.9847266617312207
MeteoriteFALSESci-fiFalseisRuralTrue,MeteoriteFALSESci-fiFalseisRuralTrue,0.9883742159067247
MeteoriteFALSESci-fiFalseisRuralTrue,MeteoriteFALSESci-fiFalseisRuralTrue,0.8584515885667836
MeteoriteFALSESci-fiFalseisRuralTrue,MeteoriteFALSESci-fiFalseisRuralTrue,0.9984364735391794
MeteoriteFALSESci-fiFalseisRuralTrue,MeteoriteFALSESci-fiFalseisRuralTrue,0.9954275996432745
MeteoriteFALSESci-fiFalseisRuralTrue,MeteoriteFALSESci-fiFalseisRural,0.992398883874428
MeteoriteFALSESci-fiFalseisRuralTrue,MeteoriteFALSESci-fiFalseisRural,0.9805107977232363
MeteoriteFALSESci-fiFalseisRuralTrue,MeteoriteFALSESci-fiFalseisRuralTrue,0.9947038481979743
MeteoriteFALSESci-fiFalseisRuralTrue,MeteoriteFALSESci-fiFalseisRural,0.9956328254371528
MeteoriteFALSESci-fiFalseisRuralTrue,MeteoriteFALSESci-fiFalseisRuralTrue,0.9981192516044144
MeteoriteFALSESci-fiFalseisRuralTrue,MeteoriteSci-fiFalseisRural,0.9573326264234975
MeteoriteFALSESci-fiFalseisRuralTrue,MeteoriteFALSESci-fiFalseisRuralTrue,0.9997327672853088
MeteoriteFALSESci-fiFalseisRuralTrue,MeteoriteTRUESci-fiFalseisRuralTrue,0.9917040056651779
MeteoriteFALSESci-fiFalseisRuralTrue,MeteoriteFALSESci-fiFalseisRuralTrue,0.9899918481649751
MeteoriteFALSESci-fiFalseisRuralTrue,MeteoriteFALSESci-fiFalseisRuralTrue,0.9995272660149909
MeteoriteFALSESci-fiFalseisRuralTrue,MeteoriteFALSESci-fiFalseisRuralTrue,0.9934058160096638
MeteoriteFALSESci-fiFalseisRuralTrue,MeteoriteFALSESci-fiFalseisRuralTrue,0.9987824609849729
MeteoriteFALSESci-fiFalseisRuralTrue,MeteoriteFALSESci-fiFalseisRuralFalse,0.9962837827372604
MeteoriteFALSESci-fiFalseisRuralTrue,MeteoriteFALSESci-fiFalseisRural,0.9944337454647348
MeteoriteFALSESci-fiFalseisRuralTrue,MeteoriteFALSESci-fiFalseisRuralTrue,0.9962875367239497
MeteoriteFALSESci-fiFalseisRuralTrue,MeteoriteFALSESci-fiFalseisRuralTrue,0.8950766801502086
MeteoriteFALSESci-fiFalseisRuralTrue,MeteoriteFALSESci-fiFalseisRuralTrue,0.9981763350292007
MeteoriteFALSESci-fiFalseisRuralTrue,MeteoriteFALSESci-fiFalseisRuralTrue,0.9973293190578815
MeteoriteFALSESci-fiFalseisRuralTrue,MeteoriteFALSESci-fiFalseisRural,0.9961756387590455
MeteoriteFALSESci-fiFalseisRuralTrue,MeteoriteFALSESci-fiFalseisRural,0.9888983932651265
MeteoriteFALSESci-fiFalseisRuralTrue,MeteoriteFALSESci-fiFalseisRuralTrue,0.9937830198888791
MeteoriteFALSESci-fiFalseisRuralTrue,MeteoriteFALSESci-fiFalseisRural,0.9958450571640262
MeteoriteFALSESci-fiFalseisRuralTrue,MeteoriteFALSESci-fiFalseisRuralTrue,0.9964713832337918
MeteoriteFALSESci-fiFalseisRuralTrue,MeteoriteSci-fiFalseisRural,0.9434029903023265
MeteoriteFALSESci-fiFalseisRuralTrue,MeteoriteFALSESci-fiFalseisRuralTrue,0.9979811501662232
MeteoriteFALSESci-fiFalseisRuralTrue,MeteoriteTRUESci-fiFalseisRuralTrue,0.9956412354723038
MeteoriteFALSESci-fiFalseisRuralTrue,MeteoriteFALSESci-fiFalseisRuralTrue,0.9877424887822691
MeteoriteFALSESci-fiFalseisRuralTrue,MeteoriteFALSESci-fiFalseisRuralTrue,0.9973634956549638
MeteoriteFALSESci-fiFalseisRuralTrue,MeteoriteFALSESci-fiFalseisRuralTrue,0.9959658347349358
MeteoriteFALSESci-fiFalseisRuralTrue,MeteoriteFALSESci-fiFalseisRuralTrue,0.9970425287506214
MeteoriteFALSESci-fiFalseisRuralTrue,MeteoriteFALSESci-fiFalseisRuralFalse,0.9939802480913398
MeteoriteFALSESci-fiFalseisRuralTrue,MeteoriteFALSESci-fiFalseisRural,0.9941889745546557
MeteoriteFALSESci-fiFalseisRuralTrue,MeteoriteFALSESci-fiFalseisRuralTrue,0.9985593834461987
MeteoriteFALSESci-fiFalseisRuralTrue,MeteoriteFALSESci-fiFalseisRuralTrue,0.910985093629096
MeteoriteFALSESci-fiFalseisRuralTrue,MeteoriteFALSESci-fiFalseisRuralTrue,0.997103257841353
MeteoriteFALSESci-fiFalseisRuralTrue,MeteoriteFALSESci-fiFalseisRuralTrue,0.9935440043286479
MeteoriteFALSESci-fiFalseisRuralTrue,MeteoriteFALSESci-fiFalseisRural,0.9922337125081537
MeteoriteFALSESci-fiFalseisRuralTrue,MeteoriteFALSESci-fiFalseisRural,0.9903757593076926
MeteoriteFALSESci-fiFalseisRuralTrue,MeteoriteFALSESci-fiFalseisRuralTrue,0.9903818802382242
MeteoriteFALSESci-fiFalseisRuralTrue,MeteoriteFALSESci-fiFalseisRural,0.9908125089267522
MeteoriteFALSESci-fiFalseisRuralTrue,MeteoriteFALSESci-fiFalseisRuralTrue,0.9962900382376998
MeteoriteFALSESci-fiFalseisRuralTrue,MeteoriteTRUESci-fiFalseisRuralTrue,0.9910914112193315
MeteoriteSci-fiFalseisRural,MeteoriteFALSESci-fiFalseisRuralTrue,0.9547418845112504
MeteoriteSci-fiFalseisRural,MeteoriteTRUESci-fiFalseisRuralTrue,0.9256297780672028
MeteoriteSci-fiFalseisRural,MeteoriteFALSESci-fiFalseisRuralTrue,0.9603544509914427
MeteoriteSci-fiFalseisRural,MeteoriteFALSESci-fiFalseisRuralTrue,0.9577845543679121
MeteoriteSci-fiFalseisRural,MeteoriteFALSESci-fiFalseisRuralTrue,0.9349711247129048
MeteoriteSci-fiFalseisRural,MeteoriteFALSESci-fiFalseisRuralTrue,0.9560947405509025
MeteoriteSci-fiFalseisRural,MeteoriteFALSESci-fiFalseisRuralFalse,0.9668030417702856
MeteoriteSci-fiFalseisRural,MeteoriteFALSESci-fiFalseisRural,0.9382090379971385
MeteoriteSci-fiFalseisRural,MeteoriteFALSESci-fiFalseisRuralTrue,0.9405542520618059
MeteoriteSci-fiFalseisRural,MeteoriteFALSESci-fiFalseisRuralTrue,0.7599945438049832
MeteoriteSci-fiFalseisRural,MeteoriteFALSESci-fiFalseisRuralTrue,0.9616503176418228
MeteoriteSci-fiFalseisRural,MeteoriteFALSESci-fiFalseisRuralTrue,0.9689661398595734
MeteoriteSci-fiFalseisRural,MeteoriteFALSESci-fiFalseisRural,0.9649775186673556
MeteoriteSci-fiFalseisRural,MeteoriteFALSESci-fiFalseisRural,0.9368967764725664
MeteoriteSci-fiFalseisRural,MeteoriteFALSESci-fiFalseisRuralTrue,0.9742971968863237
MeteoriteSci-fiFalseisRural,MeteoriteFALSESci-fiFalseisRural,0.973144030967839
MeteoriteSci-fiFalseisRural,MeteoriteFALSESci-fiFalseisRuralTrue,0.9550044514374831
MeteoriteSci-fiFalseisRural,MeteoriteTRUESci-fiFalseisRuralTrue,0.938635812675281
MeteoriteSci-fiFalseisRural,MeteoriteFALSESci-fiFalseisRuralFalse,0.9465060110410126
MeteoriteFALSESci-fiFalseisRuralTrue,MeteoriteTRUESci-fiFalseisRuralTrue,0.991495772001339
MeteoriteFALSESci-fiFalseisRuralTrue,MeteoriteFALSESci-fiFalseisRuralTrue,0.9899531981456771
MeteoriteFALSESci-fiFalseisRuralTrue,MeteoriteFALSESci-fiFalseisRuralTrue,0.9995036356530803
MeteoriteFALSESci-fiFalseisRuralTrue,MeteoriteFALSESci-fiFalseisRuralTrue,0.9938724971072169
MeteoriteFALSESci-fiFalseisRuralTrue,MeteoriteFALSESci-fiFalseisRuralTrue,0.9981046972540449
MeteoriteFALSESci-fiFalseisRuralTrue,MeteoriteFALSESci-fiFalseisRuralFalse,0.9959031684475872
MeteoriteFALSESci-fiFalseisRuralTrue,MeteoriteFALSESci-fiFalseisRural,0.9949686762886406
MeteoriteFALSESci-fiFalseisRuralTrue,MeteoriteFALSESci-fiFalseisRuralTrue,0.9955596867710823
MeteoriteFALSESci-fiFalseisRuralTrue,MeteoriteFALSESci-fiFalseisRuralTrue,0.8963795935368117
MeteoriteFALSESci-fiFalseisRuralTrue,MeteoriteFALSESci-fiFalseisRuralTrue,0.9976447415647434
MeteoriteFALSESci-fiFalseisRuralTrue,MeteoriteFALSESci-fiFalseisRuralTrue,0.9962237919936199
MeteoriteFALSESci-fiFalseisRuralTrue,MeteoriteFALSESci-fiFalseisRural,0.9956522432102847
MeteoriteFALSESci-fiFalseisRuralTrue,MeteoriteFALSESci-fiFalseisRural,0.989129737054013
MeteoriteFALSESci-fiFalseisRuralTrue,MeteoriteFALSESci-fiFalseisRuralTrue,0.992281214708201
MeteoriteFALSESci-fiFalseisRuralTrue,MeteoriteFALSESci-fiFalseisRural,0.9950258867025684
MeteoriteFALSESci-fiFalseisRuralTrue,MeteoriteFALSESci-fiFalseisRuralTrue,0.9960655382737099
MeteoriteFALSESci-fiFalseisRuralTrue,MeteoriteTRUESci-fiFalseisRuralTrue,0.9914076068819443
MeteoriteFALSESci-fiFalseisRuralTrue,MeteoriteFALSESci-fiFalseisRuralFalse,0.9975398977155018
MeteoriteFALSESci-fiFalseisRuralTrue,MeteoriteFALSESci-fiFalseisRuralTrue,0.9982803296989475
MeteoriteTRUESci-fiFalseisRuralTrue,MeteoriteFALSESci-fiFalseisRuralTrue,0.9847938573206394
MeteoriteTRUESci-fiFalseisRuralTrue,MeteoriteFALSESci-fiFalseisRuralTrue,0.9916618526329678
MeteoriteTRUESci-fiFalseisRuralTrue,MeteoriteFALSESci-fiFalseisRuralTrue,0.9973013935232107
MeteoriteTRUESci-fiFalseisRuralTrue,MeteoriteFALSESci-fiFalseisRuralTrue,0.9939192946944306
MeteoriteTRUESci-fiFalseisRuralTrue,MeteoriteFALSESci-fiFalseisRuralFalse,0.9852621296803009
MeteoriteTRUESci-fiFalseisRuralTrue,MeteoriteFALSESci-fiFalseisRural,0.9931678438647963
MeteoriteTRUESci-fiFalseisRuralTrue,MeteoriteFALSESci-fiFalseisRuralTrue,0.9976329495506608
MeteoriteTRUESci-fiFalseisRuralTrue,MeteoriteFALSESci-fiFalseisRuralTrue,0.9421290577395162
MeteoriteTRUESci-fiFalseisRuralTrue,MeteoriteFALSESci-fiFalseisRuralTrue,0.987704730391499
MeteoriteTRUESci-fiFalseisRuralTrue,MeteoriteFALSESci-fiFalseisRuralTrue,0.9869079147613761
MeteoriteTRUESci-fiFalseisRuralTrue,MeteoriteFALSESci-fiFalseisRural,0.9875860980384232
MeteoriteTRUESci-fiFalseisRuralTrue,MeteoriteFALSESci-fiFalseisRural,0.9938790579489518
MeteoriteTRUESci-fiFalseisRuralTrue,MeteoriteFALSESci-fiFalseisRuralTrue,0.9845552560142145
MeteoriteTRUESci-fiFalseisRuralTrue,MeteoriteFALSESci-fiFalseisRural,0.9823575512637981
MeteoriteTRUESci-fiFalseisRuralTrue,MeteoriteFALSESci-fiFalseisRuralTrue,0.990813452337087
MeteoriteTRUESci-fiFalseisRuralTrue,MeteoriteTRUESci-fiFalseisRuralTrue,0.9900681811128609
MeteoriteTRUESci-fiFalseisRuralTrue,MeteoriteFALSESci-fiFalseisRuralFalse,0.9955437366108097
MeteoriteTRUESci-fiFalseisRuralTrue,MeteoriteFALSESci-fiFalseisRuralTrue,0.9939009913254166
MeteoriteTRUESci-fiFalseisRuralTrue,MeteoriteFALSESci-fiFalseisRuralFalse,0.9933017622808058
MeteoriteFALSESci-fiFalseisRuralTrue,MeteoriteFALSESci-fiFalseisRuralTrue,0.9930439854221282
MeteoriteFALSESci-fiFalseisRuralTrue,MeteoriteFALSESci-fiFalseisRuralTrue,0.9903568160852496
MeteoriteFALSESci-fiFalseisRuralTrue,MeteoriteFALSESci-fiFalseisRuralTrue,0.9919919937742557
MeteoriteFALSESci-fiFalseisRuralTrue,MeteoriteFALSESci-fiFalseisRuralFalse,0.9958674121213608
MeteoriteFALSESci-fiFalseisRuralTrue,MeteoriteFALSESci-fiFalseisRural,0.9821316735007242
MeteoriteFALSESci-fiFalseisRuralTrue,MeteoriteFALSESci-fiFalseisRuralTrue,0.9859739401287635
MeteoriteFALSESci-fiFalseisRuralTrue,MeteoriteFALSESci-fiFalseisRuralTrue,0.890135036533681
MeteoriteFALSESci-fiFalseisRuralTrue,MeteoriteFALSESci-fiFalseisRuralTrue,0.9899426932566708
MeteoriteFALSESci-fiFalseisRuralTrue,MeteoriteFALSESci-fiFalseisRuralTrue,0.9929916367839713
MeteoriteFALSESci-fiFalseisRuralTrue,MeteoriteFALSESci-fiFalseisRural,0.9902892962669317
MeteoriteFALSESci-fiFalseisRuralTrue,MeteoriteFALSESci-fiFalseisRural,0.9884256764770714
MeteoriteFALSESci-fiFalseisRuralTrue,MeteoriteFALSESci-fiFalseisRuralTrue,0.9941888968957919
MeteoriteFALSESci-fiFalseisRuralTrue,MeteoriteFALSESci-fiFalseisRural,0.989033190374455
MeteoriteFALSESci-fiFalseisRuralTrue,MeteoriteFALSESci-fiFalseisRuralTrue,0.9944368619669086
MeteoriteFALSESci-fiFalseisRuralTrue,MeteoriteTRUESci-fiFalseisRuralTrue,0.9893106417057873
MeteoriteFALSESci-fiFalseisRuralTrue,MeteoriteFALSESci-fiFalseisRuralFalse,0.9919959487456304
MeteoriteFALSESci-fiFalseisRuralTrue,MeteoriteFALSESci-fiFalseisRuralTrue,0.994390813429626
MeteoriteFALSESci-fiFalseisRuralTrue,MeteoriteFALSESci-fiFalseisRuralFalse,0.979362495900622
MeteoriteFALSESci-fiFalseisRuralTrue,MeteoriteFALSESci-fiFalseisRuralTrue,0.9945853124740143
MeteoriteFALSESci-fiFalseisRuralTrue,MeteoriteFALSESci-fiFalseisRuralTrue,0.9943408215663614
MeteoriteFALSESci-fiFalseisRuralTrue,MeteoriteFALSESci-fiFalseisRuralTrue,0.9987304334359913
MeteoriteFALSESci-fiFalseisRuralTrue,MeteoriteFALSESci-fiFalseisRuralFalse,0.9971147617977631
MeteoriteFALSESci-fiFalseisRuralTrue,MeteoriteFALSESci-fiFalseisRural,0.9939466551764683
MeteoriteFALSESci-fiFalseisRuralTrue,MeteoriteFALSESci-fiFalseisRuralTrue,0.9951273209210979
MeteoriteFALSESci-fiFalseisRuralTrue,MeteoriteFALSESci-fiFalseisRuralTrue,0.8961367199520198
MeteoriteFALSESci-fiFalseisRuralTrue,MeteoriteFALSESci-fiFalseisRuralTrue,0.9974340806974608
MeteoriteFALSESci-fiFalseisRuralTrue,MeteoriteFALSESci-fiFalseisRuralTrue,0.997302090764314
MeteoriteFALSESci-fiFalseisRuralTrue,MeteoriteFALSESci-fiFalseisRural,0.9965257029547838
MeteoriteFALSESci-fiFalseisRuralTrue,MeteoriteFALSESci-fiFalseisRural,0.9900858033047488
MeteoriteFALSESci-fiFalseisRuralTrue,MeteoriteFALSESci-fiFalseisRuralTrue,0.9944926027979117
MeteoriteFALSESci-fiFalseisRuralTrue,MeteoriteFALSESci-fiFalseisRural,0.995699351112629
MeteoriteFALSESci-fiFalseisRuralTrue,MeteoriteFALSESci-fiFalseisRuralTrue,0.9967404115371878
MeteoriteFALSESci-fiFalseisRuralTrue,MeteoriteTRUESci-fiFalseisRuralTrue,0.9923474474115853
MeteoriteFALSESci-fiFalseisRuralTrue,MeteoriteFALSESci-fiFalseisRuralFalse,0.9981345690896452
MeteoriteFALSESci-fiFalseisRuralTrue,MeteoriteFALSESci-fiFalseisRuralTrue,0.9988483092580881
MeteoriteFALSESci-fiFalseisRuralTrue,MeteoriteFALSESci-fiFalseisRuralFalse,0.9848032568037405
MeteoriteFALSESci-fiFalseisRuralTrue,MeteoriteFALSESci-fiFalseisRuralTrue,0.9968024307106088
MeteoriteFALSESci-fiFalseisRuralTrue,MeteoriteFALSESci-fiFalseisRuralTrue,0.9983273255026193
MeteoriteFALSESci-fiFalseisRuralTrue,MeteoriteFALSESci-fiFalseisRuralTrue,0.9943867336282299
MeteoriteFALSESci-fiFalseisRuralTrue,MeteoriteFALSESci-fiFalseisRuralFalse,0.9901207218284898
MeteoriteFALSESci-fiFalseisRuralTrue,MeteoriteFALSESci-fiFalseisRural,0.9926682108253504
MeteoriteFALSESci-fiFalseisRuralTrue,MeteoriteFALSESci-fiFalseisRuralTrue,0.9958685947894768
MeteoriteFALSESci-fiFalseisRuralTrue,MeteoriteFALSESci-fiFalseisRuralTrue,0.9289000937402729
MeteoriteFALSESci-fiFalseisRuralTrue,MeteoriteFALSESci-fiFalseisRuralTrue,0.9905387367252617
MeteoriteFALSESci-fiFalseisRuralTrue,MeteoriteFALSESci-fiFalseisRuralTrue,0.9891683983723196
MeteoriteFALSESci-fiFalseisRuralTrue,MeteoriteFALSESci-fiFalseisRural,0.9895307278570945
MeteoriteFALSESci-fiFalseisRuralTrue,MeteoriteFALSESci-fiFalseisRural,0.9940350495073202
MeteoriteFALSESci-fiFalseisRuralTrue,MeteoriteFALSESci-fiFalseisRuralTrue,0.9874156194811657
MeteoriteFALSESci-fiFalseisRuralTrue,MeteoriteFALSESci-fiFalseisRural,0.9853860302621744
MeteoriteFALSESci-fiFalseisRuralTrue,MeteoriteFALSESci-fiFalseisRuralTrue,0.9933218688507409
MeteoriteFALSESci-fiFalseisRuralTrue,MeteoriteTRUESci-fiFalseisRuralTrue,0.9909939110852695
MeteoriteFALSESci-fiFalseisRuralTrue,MeteoriteFALSESci-fiFalseisRuralFalse,0.9964037784409335
MeteoriteFALSESci-fiFalseisRuralTrue,MeteoriteFALSESci-fiFalseisRuralTrue,0.9962231902080299
MeteoriteFALSESci-fiFalseisRuralTrue,MeteoriteFALSESci-fiFalseisRuralFalse,0.9906120531472161
MeteoriteFALSESci-fiFalseisRuralTrue,MeteoriteFALSESci-fiFalseisRuralTrue,0.9862985865656798
MeteoriteFALSESci-fiFalseisRuralTrue,MeteoriteFALSESci-fiFalseisRuralTrue,0.993633552403663
MeteoriteFALSESci-fiFalseisRuralTrue,MeteoriteFALSESci-fiFalseisRuralTrue,0.9830429204425861
MeteoriteFALSESci-fiFalseisRuralTrue,MeteoriteFALSESci-fiFalseisRuralFalse,0.9954469217940671
MeteoriteFALSESci-fiFalseisRuralTrue,MeteoriteFALSESci-fiFalseisRural,0.9935500935962127
MeteoriteFALSESci-fiFalseisRuralTrue,MeteoriteFALSESci-fiFalseisRuralTrue,0.9970025083958336
MeteoriteFALSESci-fiFalseisRuralTrue,MeteoriteFALSESci-fiFalseisRuralTrue,0.905826731085009
MeteoriteFALSESci-fiFalseisRuralTrue,MeteoriteFALSESci-fiFalseisRuralTrue,0.9961606133822156
MeteoriteFALSESci-fiFalseisRuralTrue,MeteoriteFALSESci-fiFalseisRuralTrue,0.9982228960028658
MeteoriteFALSESci-fiFalseisRuralTrue,MeteoriteFALSESci-fiFalseisRural,0.9959136411199879
MeteoriteFALSESci-fiFalseisRuralTrue,MeteoriteFALSESci-fiFalseisRural,0.990447419464151
MeteoriteFALSESci-fiFalseisRuralTrue,MeteoriteFALSESci-fiFalseisRuralTrue,0.9944915731284132
MeteoriteFALSESci-fiFalseisRuralTrue,MeteoriteFALSESci-fiFalseisRural,0.9943938736575599
MeteoriteFALSESci-fiFalseisRuralTrue,MeteoriteFALSESci-fiFalseisRuralTrue,0.9973296475266075
MeteoriteFALSESci-fiFalseisRuralTrue,MeteoriteTRUESci-fiFalseisRuralTrue,0.9943545560011199
MeteoriteFALSESci-fiFalseisRuralTrue,MeteoriteFALSESci-fiFalseisRuralFalse,0.9988041114117883
MeteoriteFALSESci-fiFalseisRuralTrue,MeteoriteFALSESci-fiFalseisRuralTrue,0.9978223746963029
MeteoriteFALSESci-fiFalseisRuralTrue,MeteoriteFALSESci-fiFalseisRuralFalse,0.9889249080233143
MeteoriteFALSESci-fiFalseisRuralTrue,MeteoriteFALSESci-fiFalseisRuralTrue,0.9952212407711829
MeteoriteFALSESci-fiFalseisRuralTrue,MeteoriteFALSESci-fiFalseisRuralTrue,0.9990224840716138
MeteoriteFALSESci-fiFalseisRuralTrue,MeteoriteFALSESci-fiFalseisRuralTrue,0.9920087251788274
MeteoriteFALSESci-fiFalseisRuralTrue,MeteoriteFALSESci-fiFalseisRural,0.9528805676154233
MeteoriteFALSESci-fiFalseisRuralFalse,MeteoriteFALSESci-fiFalseisRural,0.9852154876278779
MeteoriteFALSESci-fiFalseisRuralFalse,MeteoriteFALSESci-fiFalseisRuralTrue,0.991002080033087
MeteoriteFALSESci-fiFalseisRuralFalse,MeteoriteFALSESci-fiFalseisRuralTrue,0.8760375427744483
MeteoriteFALSESci-fiFalseisRuralFalse,MeteoriteFALSESci-fiFalseisRuralTrue,0.9980779724444651
MeteoriteFALSESci-fiFalseisRuralFalse,MeteoriteFALSESci-fiFalseisRuralTrue,0.9973915846506327
MeteoriteFALSESci-fiFalseisRuralFalse,MeteoriteFALSESci-fiFalseisRural,0.9925543594176266
MeteoriteFALSESci-fiFalseisRuralFalse,MeteoriteFALSESci-fiFalseisRural,0.9845652699002141
MeteoriteFALSESci-fiFalseisRuralFalse,MeteoriteFALSESci-fiFalseisRuralTrue,0.9966698528818777
MeteoriteFALSESci-fiFalseisRuralFalse,MeteoriteFALSESci-fiFalseisRural,0.9941646394247757
MeteoriteFALSESci-fiFalseisRuralFalse,MeteoriteFALSESci-fiFalseisRuralTrue,0.9979463461754441
MeteoriteFALSESci-fiFalseisRuralFalse,MeteoriteTRUESci-fiFalseisRuralTrue,0.9890666217866039
MeteoriteFALSESci-fiFalseisRuralFalse,MeteoriteFALSESci-fiFalseisRuralFalse,0.993568218323345
MeteoriteFALSESci-fiFalseisRuralFalse,MeteoriteFALSESci-fiFalseisRuralTrue,0.997519029876335
MeteoriteFALSESci-fiFalseisRuralFalse,MeteoriteFALSESci-fiFalseisRuralFalse,0.9756625810630515
MeteoriteFALSESci-fiFalseisRuralFalse,MeteoriteFALSESci-fiFalseisRuralTrue,0.9987737083204968
MeteoriteFALSESci-fiFalseisRuralFalse,MeteoriteFALSESci-fiFalseisRuralTrue,0.996547873988363
MeteoriteFALSESci-fiFalseisRuralFalse,MeteoriteFALSESci-fiFalseisRuralTrue,0.9966173687195313
MeteoriteFALSESci-fiFalseisRuralFalse,MeteoriteFALSESci-fiFalseisRural,0.9722816967656851
MeteoriteFALSESci-fiFalseisRuralFalse,MeteoriteFALSESci-fiFalseisRuralTrue,0.9805043624500457
MeteoriteFALSESci-fiFalseisRural,MeteoriteFALSESci-fiFalseisRuralTrue,0.9935683971769474
MeteoriteFALSESci-fiFalseisRural,MeteoriteFALSESci-fiFalseisRuralTrue,0.9170387617130952
MeteoriteFALSESci-fiFalseisRural,MeteoriteFALSESci-fiFalseisRuralTrue,0.9891066390611144
MeteoriteFALSESci-fiFalseisRural,MeteoriteFALSESci-fiFalseisRuralTrue,0.9880299929071821
MeteoriteFALSESci-fiFalseisRural,MeteoriteFALSESci-fiFalseisRural,0.9953782075312275
MeteoriteFALSESci-fiFalseisRural,MeteoriteFALSESci-fiFalseisRural,0.9952420280048254
MeteoriteFALSESci-fiFalseisRural,MeteoriteFALSESci-fiFalseisRuralTrue,0.9845142526271998
MeteoriteFALSESci-fiFalseisRural,MeteoriteFALSESci-fiFalseisRural,0.991360060885486
MeteoriteFALSESci-fiFalseisRural,MeteoriteFALSESci-fiFalseisRuralTrue,0.9876131098134322
MeteoriteFALSESci-fiFalseisRural,MeteoriteTRUESci-fiFalseisRuralTrue,0.9864193384011805
MeteoriteFALSESci-fiFalseisRural,MeteoriteFALSESci-fiFalseisRuralFalse,0.993576860483281
MeteoriteFALSESci-fiFalseisRural,MeteoriteFALSESci-fiFalseisRuralTrue,0.9935200363428585
MeteoriteFALSESci-fiFalseisRural,MeteoriteFALSESci-fiFalseisRuralFalse,0.984694634884079
MeteoriteFALSESci-fiFalseisRural,MeteoriteFALSESci-fiFalseisRuralTrue,0.9850873860612152
MeteoriteFALSESci-fiFalseisRural,MeteoriteFALSESci-fiFalseisRuralTrue,0.9913306675210377
MeteoriteFALSESci-fiFalseisRural,MeteoriteFALSESci-fiFalseisRuralTrue,0.9791596543761001
MeteoriteFALSESci-fiFalseisRural,MeteoriteFALSESci-fiFalseisRural,0.9362611120990543
MeteoriteFALSESci-fiFalseisRural,MeteoriteFALSESci-fiFalseisRuralTrue,0.9790755549377795
MeteoriteFALSESci-fiFalseisRural,MeteoriteFALSESci-fiFalseisRural,0.9930514227040291
MeteoriteFALSESci-fiFalseisRuralTrue,MeteoriteFALSESci-fiFalseisRuralTrue,0.9216018063244864
MeteoriteFALSESci-fiFalseisRuralTrue,MeteoriteFALSESci-fiFalseisRuralTrue,0.9947556556390814
MeteoriteFALSESci-fiFalseisRuralTrue,MeteoriteFALSESci-fiFalseisRuralTrue,0.9931392518905551
MeteoriteFALSESci-fiFalseisRuralTrue,MeteoriteFALSESci-fiFalseisRural,0.9910572210993753
MeteoriteFALSESci-fiFalseisRuralTrue,MeteoriteFALSESci-fiFalseisRural,0.9912457068531842
MeteoriteFALSESci-fiFalseisRuralTrue,MeteoriteFALSESci-fiFalseisRuralTrue,0.9900645073046077
MeteoriteFALSESci-fiFalseisRuralTrue,MeteoriteFALSESci-fiFalseisRural,0.9890345977642306
MeteoriteFALSESci-fiFalseisRuralTrue,MeteoriteFALSESci-fiFalseisRuralTrue,0.9949938624726189
MeteoriteFALSESci-fiFalseisRuralTrue,MeteoriteTRUESci-fiFalseisRuralTrue,0.9894682512402746
MeteoriteFALSESci-fiFalseisRuralTrue,MeteoriteFALSESci-fiFalseisRuralFalse,0.9962984573102859
MeteoriteFALSESci-fiFalseisRuralTrue,MeteoriteFALSESci-fiFalseisRuralTrue,0.9966193744893342
MeteoriteFALSESci-fiFalseisRuralTrue,MeteoriteFALSESci-fiFalseisRuralFalse,0.9884857270948485
MeteoriteFALSESci-fiFalseisRuralTrue,MeteoriteFALSESci-fiFalseisRuralTrue,0.9878277938555854
MeteoriteFALSESci-fiFalseisRuralTrue,MeteoriteFALSESci-fiFalseisRuralTrue,0.9940908672889972
MeteoriteFALSESci-fiFalseisRuralTrue,MeteoriteFALSESci-fiFalseisRuralTrue,0.9821965158538338
MeteoriteFALSESci-fiFalseisRuralTrue,MeteoriteFALSESci-fiFalseisRural,0.9391902036072782
MeteoriteFALSESci-fiFalseisRuralTrue,MeteoriteFALSESci-fiFalseisRuralTrue,0.9862157275187137
MeteoriteFALSESci-fiFalseisRuralTrue,MeteoriteFALSESci-fiFalseisRural,0.9901851086738416
MeteoriteFALSESci-fiFalseisRuralTrue,MeteoriteFALSESci-fiFalseisRuralTrue,0.987536746650462
MeteoriteFALSESci-fiFalseisRuralTrue,MeteoriteFALSESci-fiFalseisRuralTrue,0.8805662377190795
MeteoriteFALSESci-fiFalseisRuralTrue,MeteoriteFALSESci-fiFalseisRuralTrue,0.8829856283869223
MeteoriteFALSESci-fiFalseisRuralTrue,MeteoriteFALSESci-fiFalseisRural,0.8883782962259394
MeteoriteFALSESci-fiFalseisRuralTrue,MeteoriteFALSESci-fiFalseisRural,0.926174325646018
MeteoriteFALSESci-fiFalseisRuralTrue,MeteoriteFALSESci-fiFalseisRuralTrue,0.8747296765767935
MeteoriteFALSESci-fiFalseisRuralTrue,MeteoriteFALSESci-fiFalseisRural,0.8688674620288226
MeteoriteFALSESci-fiFalseisRuralTrue,MeteoriteFALSESci-fiFalseisRuralTrue,0.8979618714547252
MeteoriteFALSESci-fiFalseisRuralTrue,MeteoriteTRUESci-fiFalseisRuralTrue,0.9169854788500135
MeteoriteFALSESci-fiFalseisRuralTrue,MeteoriteFALSESci-fiFalseisRuralFalse,0.9170370641298622
MeteoriteFALSESci-fiFalseisRuralTrue,MeteoriteFALSESci-fiFalseisRuralTrue,0.9022160184401792
MeteoriteFALSESci-fiFalseisRuralTrue,MeteoriteFALSESci-fiFalseisRuralFalse,0.9514639226349769
MeteoriteFALSESci-fiFalseisRuralTrue,MeteoriteFALSESci-fiFalseisRuralTrue,0.8654897254431235
MeteoriteFALSESci-fiFalseisRuralTrue,MeteoriteFALSESci-fiFalseisRuralTrue,0.9016156562849775
MeteoriteFALSESci-fiFalseisRuralTrue,MeteoriteFALSESci-fiFalseisRuralTrue,0.8611936313153058
MeteoriteFALSESci-fiFalseisRuralTrue,MeteoriteFALSESci-fiFalseisRural,0.7406095787442174
MeteoriteFALSESci-fiFalseisRuralTrue,MeteoriteFALSESci-fiFalseisRuralTrue,0.944312224865966
MeteoriteFALSESci-fiFalseisRuralTrue,MeteoriteFALSESci-fiFalseisRural,0.9368243415294506
MeteoriteFALSESci-fiFalseisRuralTrue,MeteoriteFALSESci-fiFalseisRuralTrue,0.9076855182674621
MeteoriteFALSESci-fiFalseisRuralTrue,MeteoriteFALSESci-fiFalseisRuralFalse,0.8764900212092502
MeteoriteFALSESci-fiFalseisRuralTrue,MeteoriteFALSESci-fiFalseisRuralTrue,0.9970300680490566
MeteoriteFALSESci-fiFalseisRuralTrue,MeteoriteFALSESci-fiFalseisRural,0.9930748947243931
MeteoriteFALSESci-fiFalseisRuralTrue,MeteoriteFALSESci-fiFalseisRural,0.9847624407039497
MeteoriteFALSESci-fiFalseisRuralTrue,MeteoriteFALSESci-fiFalseisRuralTrue,0.9949376062600225
MeteoriteFALSESci-fiFalseisRuralTrue,MeteoriteFALSESci-fiFalseisRural,0.9950648461399179
MeteoriteFALSESci-fiFalseisRuralTrue,MeteoriteFALSESci-fiFalseisRuralTrue,0.9972243661526825
MeteoriteFALSESci-fiFalseisRuralTrue,MeteoriteTRUESci-fiFalseisRuralTrue,0.9868935673186313
MeteoriteFALSESci-fiFalseisRuralTrue,MeteoriteFALSESci-fiFalseisRuralFalse,0.9935681374734279
MeteoriteFALSESci-fiFalseisRuralTrue,MeteoriteFALSESci-fiFalseisRuralTrue,0.997780282806018
MeteoriteFALSESci-fiFalseisRuralTrue,MeteoriteFALSESci-fiFalseisRuralFalse,0.9755646074090022
MeteoriteFALSESci-fiFalseisRuralTrue,MeteoriteFALSESci-fiFalseisRuralTrue,0.9965560850711799
MeteoriteFALSESci-fiFalseisRuralTrue,MeteoriteFALSESci-fiFalseisRuralTrue,0.9951001705065535
MeteoriteFALSESci-fiFalseisRuralTrue,MeteoriteFALSESci-fiFalseisRuralTrue,0.9913561500591187
MeteoriteFALSESci-fiFalseisRuralTrue,MeteoriteFALSESci-fiFalseisRural,0.9685277943315129
MeteoriteFALSESci-fiFalseisRuralTrue,MeteoriteFALSESci-fiFalseisRuralTrue,0.9762832476006748
MeteoriteFALSESci-fiFalseisRuralTrue,MeteoriteFALSESci-fiFalseisRural,0.9773251493677328
MeteoriteFALSESci-fiFalseisRuralTrue,MeteoriteFALSESci-fiFalseisRuralTrue,0.986418563274697
MeteoriteFALSESci-fiFalseisRuralTrue,MeteoriteFALSESci-fiFalseisRuralFalse,0.9961333161942246
MeteoriteFALSESci-fiFalseisRuralTrue,MeteoriteFALSESci-fiFalseisRuralTrue,0.9967703785186062
MeteoriteFALSESci-fiFalseisRuralTrue,MeteoriteFALSESci-fiFalseisRural,0.9951962490156301
MeteoriteFALSESci-fiFalseisRuralTrue,MeteoriteFALSESci-fiFalseisRural,0.9853421217988412
MeteoriteFALSESci-fiFalseisRuralTrue,MeteoriteFALSESci-fiFalseisRuralTrue,0.9969627159655265
MeteoriteFALSESci-fiFalseisRuralTrue,MeteoriteFALSESci-fiFalseisRural,0.9962016611928018
MeteoriteFALSESci-fiFalseisRuralTrue,MeteoriteFALSESci-fiFalseisRuralTrue,0.9972700301675848
MeteoriteFALSESci-fiFalseisRuralTrue,MeteoriteTRUESci-fiFalseisRuralTrue,0.9905153697874217
MeteoriteFALSESci-fiFalseisRuralTrue,MeteoriteFALSESci-fiFalseisRuralFalse,0.9952539964417643
MeteoriteFALSESci-fiFalseisRuralTrue,MeteoriteFALSESci-fiFalseisRuralTrue,0.9961089299558206
MeteoriteFALSESci-fiFalseisRuralTrue,MeteoriteFALSESci-fiFalseisRuralFalse,0.9808162240338753
MeteoriteFALSESci-fiFalseisRuralTrue,MeteoriteFALSESci-fiFalseisRuralTrue,0.9982656175357425
MeteoriteFALSESci-fiFalseisRuralTrue,MeteoriteFALSESci-fiFalseisRuralTrue,0.9981884869083381
MeteoriteFALSESci-fiFalseisRuralTrue,MeteoriteFALSESci-fiFalseisRuralTrue,0.9959066139614966
MeteoriteFALSESci-fiFalseisRuralTrue,MeteoriteFALSESci-fiFalseisRural,0.9662447382386933
MeteoriteFALSESci-fiFalseisRuralTrue,MeteoriteFALSESci-fiFalseisRuralTrue,0.9807622213434671
MeteoriteFALSESci-fiFalseisRuralTrue,MeteoriteFALSESci-fiFalseisRural,0.9728713343186317
MeteoriteFALSESci-fiFalseisRuralTrue,MeteoriteFALSESci-fiFalseisRuralTrue,0.9928640623482073
MeteoriteFALSESci-fiFalseisRuralTrue,MeteoriteFALSESci-fiFalseisRuralFalse,0.9992253347270872
MeteoriteFALSESci-fiFalseisRuralTrue,MeteoriteFALSESci-fiFalseisRuralTrue,0.9944000148604931
MeteoriteFALSESci-fiFalseisRuralTrue,MeteoriteFALSESci-fiFalseisRuralTrue,0.9823247567624418
MeteoriteFALSESci-fiFalseisRural,MeteoriteFALSESci-fiFalseisRural,0.9930507914736525
MeteoriteFALSESci-fiFalseisRural,MeteoriteFALSESci-fiFalseisRuralTrue,0.9945979315522017
MeteoriteFALSESci-fiFalseisRural,MeteoriteFALSESci-fiFalseisRural,0.9986946020915997
MeteoriteFALSESci-fiFalseisRural,MeteoriteFALSESci-fiFalseisRuralTrue,0.9911245190672622
MeteoriteFALSESci-fiFalseisRural,MeteoriteTRUESci-fiFalseisRuralTrue,0.9867106997480812
MeteoriteFALSESci-fiFalseisRural,MeteoriteFALSESci-fiFalseisRuralFalse,0.9933657952547607
MeteoriteFALSESci-fiFalseisRural,MeteoriteFALSESci-fiFalseisRuralTrue,0.9954392404885427
MeteoriteFALSESci-fiFalseisRural,MeteoriteFALSESci-fiFalseisRuralFalse,0.9782489599596456
MeteoriteFALSESci-fiFalseisRural,MeteoriteFALSESci-fiFalseisRuralTrue,0.9944843033211238
MeteoriteFALSESci-fiFalseisRural,MeteoriteFALSESci-fiFalseisRuralTrue,0.995214760941617
MeteoriteFALSESci-fiFalseisRural,MeteoriteFALSESci-fiFalseisRuralTrue,0.991929440226337
MeteoriteFALSESci-fiFalseisRural,MeteoriteFALSESci-fiFalseisRural,0.9595884167301093
MeteoriteFALSESci-fiFalseisRural,MeteoriteFALSESci-fiFalseisRuralTrue,0.9771586665031711
MeteoriteFALSESci-fiFalseisRural,MeteoriteFALSESci-fiFalseisRural,0.9821028910169743
MeteoriteFALSESci-fiFalseisRural,MeteoriteFALSESci-fiFalseisRuralTrue,0.9915972663382399
MeteoriteFALSESci-fiFalseisRural,MeteoriteFALSESci-fiFalseisRuralFalse,0.9941898521732345
MeteoriteFALSESci-fiFalseisRural,MeteoriteFALSESci-fiFalseisRuralTrue,0.9929524540013397
MeteoriteFALSESci-fiFalseisRural,MeteoriteFALSESci-fiFalseisRuralTrue,0.9767066423279875
MeteoriteFALSESci-fiFalseisRural,MeteoriteFALSESci-fiFalseisRuralTrue,0.9911088320926981
MeteoriteFALSESci-fiFalseisRural,MeteoriteFALSESci-fiFalseisRuralTrue,0.9863155520729885
MeteoriteFALSESci-fiFalseisRural,MeteoriteFALSESci-fiFalseisRural,0.9876723744613296
MeteoriteFALSESci-fiFalseisRural,MeteoriteFALSESci-fiFalseisRuralTrue,0.9869935961104351
MeteoriteFALSESci-fiFalseisRural,MeteoriteTRUESci-fiFalseisRuralTrue,0.9851735879673867
MeteoriteFALSESci-fiFalseisRural,MeteoriteFALSESci-fiFalseisRuralFalse,0.9909512039086333
MeteoriteFALSESci-fiFalseisRural,MeteoriteFALSESci-fiFalseisRuralTrue,0.9928560077444121
MeteoriteFALSESci-fiFalseisRural,MeteoriteFALSESci-fiFalseisRuralFalse,0.9841536447931821
MeteoriteFALSESci-fiFalseisRural,MeteoriteFALSESci-fiFalseisRuralTrue,0.9825897579926571
MeteoriteFALSESci-fiFalseisRural,MeteoriteFALSESci-fiFalseisRuralTrue,0.9899642875905609
MeteoriteFALSESci-fiFalseisRural,MeteoriteFALSESci-fiFalseisRuralTrue,0.9804113638558096
MeteoriteFALSESci-fiFalseisRural,MeteoriteFALSESci-fiFalseisRural,0.9300759797158932
MeteoriteFALSESci-fiFalseisRural,MeteoriteFALSESci-fiFalseisRuralTrue,0.9877234641314498
MeteoriteFALSESci-fiFalseisRural,MeteoriteFALSESci-fiFalseisRural,0.9891198481200781
MeteoriteFALSESci-fiFalseisRural,MeteoriteFALSESci-fiFalseisRuralTrue,0.9897466041106114
MeteoriteFALSESci-fiFalseisRural,MeteoriteFALSESci-fiFalseisRuralFalse,0.9835641557000016
MeteoriteFALSESci-fiFalseisRural,MeteoriteFALSESci-fiFalseisRuralTrue,0.9899812041424575
MeteoriteFALSESci-fiFalseisRural,MeteoriteFALSESci-fiFalseisRuralTrue,0.9520973759811817
MeteoriteFALSESci-fiFalseisRural,MeteoriteFALSESci-fiFalseisRuralTrue,0.9857864650719196
MeteoriteFALSESci-fiFalseisRural,MeteoriteFALSESci-fiFalseisRuralTrue,0.9330787438854952
